{
  "project_info": {
    "project_number": "661279777309",
    "project_id": "donasiapp-b2f10",
    "storage_bucket": "donasiapp-b2f10.firebasestorage.app"
  },
  "client": [
    {
      "client_info": {
        "mobilesdk_app_id": "1:661279777309:android:63b455da6a72c6d0295cf4",
        "android_client_info": {
          "package_name": "com.example.donasiapp"
        }
      },
      "oauth_client": [],
      "api_key": [
        {
          "current_key": "AIzaSyCWBB5fT93Qdqgi4PO1Fjy-zlNrkR_LStI"
        }
      ],
      "services": {
        "appinvite_service": {
          "other_platform_oauth_client": []
        }
      }
    }
  ],
  "configuration_version": "1"
}